{"Canada":[0.106811145, 0.063218390], "China":[0.665325077, 0.309482759], "Cuba":[0.252476780, 0.491954023], "Finland":[0.524458204, 0.188793103], "France":[0.461145511, 0.32557471], "Germany":[0.489318885, 0.299425287], "Iceland":[0.410216718, 0.216379310], "India":[0.650773994, 0.422413793], "Japan":[0.795046440, 0.36120690], "New Zealand":[0.904953560, 0.804310345], "North Korea":[0.796904025, 0.37758621], "Norway":[0.486687307, 0.088211839], "Poland":[0.510371517, 0.300574713], "Russia":[0.524922600, 0.076149425], "South Korea":[0.801393189, 0.402873563], "Turkey":[0.541331269, 0.382758621], "United Kingdom":[0.456745783, 0.257758621], "United States":[0.030959752, 0.177298851], "Australia":[0.768575851, 0.669827586]}